{"packages/cupertino_icons/assets/CupertinoIcons.ttf":["packages/cupertino_icons/assets/CupertinoIcons.ttf"],"packages/phosphor_flutter/lib/fonts/Phosphor-Bold.ttf":["packages/phosphor_flutter/lib/fonts/Phosphor-Bold.ttf"],"packages/phosphor_flutter/lib/fonts/Phosphor-Duotone.ttf":["packages/phosphor_flutter/lib/fonts/Phosphor-Duotone.ttf"],"packages/phosphor_flutter/lib/fonts/Phosphor-Fill.ttf":["packages/phosphor_flutter/lib/fonts/Phosphor-Fill.ttf"],"packages/phosphor_flutter/lib/fonts/Phosphor-Light.ttf":["packages/phosphor_flutter/lib/fonts/Phosphor-Light.ttf"],"packages/phosphor_flutter/lib/fonts/Phosphor-Thin.ttf":["packages/phosphor_flutter/lib/fonts/Phosphor-Thin.ttf"],"packages/phosphor_flutter/lib/fonts/Phosphor.ttf":["packages/phosphor_flutter/lib/fonts/Phosphor.ttf"]}