[{"family":"MaterialIcons","fonts":[{"asset":"fonts/MaterialIcons-Regular.otf"}]},{"family":"packages/cupertino_icons/CupertinoIcons","fonts":[{"asset":"packages/cupertino_icons/assets/CupertinoIcons.ttf"}]},{"family":"packages/phosphor_flutter/PhosphorBold","fonts":[{"weight":400,"asset":"packages/phosphor_flutter/lib/fonts/Phosphor-Bold.ttf"}]},{"family":"packages/phosphor_flutter/PhosphorDuotone","fonts":[{"weight":400,"asset":"packages/phosphor_flutter/lib/fonts/Phosphor-Duotone.ttf"}]},{"family":"packages/phosphor_flutter/PhosphorFill","fonts":[{"weight":400,"asset":"packages/phosphor_flutter/lib/fonts/Phosphor-Fill.ttf"}]},{"family":"packages/phosphor_flutter/PhosphorLight","fonts":[{"weight":400,"asset":"packages/phosphor_flutter/lib/fonts/Phosphor-Light.ttf"}]},{"family":"packages/phosphor_flutter/PhosphorThin","fonts":[{"weight":400,"asset":"packages/phosphor_flutter/lib/fonts/Phosphor-Thin.ttf"}]},{"family":"packages/phosphor_flutter/PhosphorRegular","fonts":[{"weight":400,"asset":"packages/phosphor_flutter/lib/fonts/Phosphor.ttf"}]}]